Number Of Executions, Total Milliseconds,  Milliseconds per execution, Type
     1,      0,     0.00, "Query.fromType(org.jboss.windup.rules.apps.javaee.model.DataSourceModel).gremlin().has(isXA,EQUALS,false).as(default)"
     1,      3,     3.00, "Query.fromType(org.jboss.windup.rules.apps.java.model.JarArchiveModel).gremlin().has(fileName,REGEX,.*hibernate.*\.jar$).as(default)"
     1,      4,     4.00, "Query.fromType(org.jboss.windup.reporting.model.TechnologyTagModel).gremlin().has(name,EQUALS,Hibernate OGM (embedded)).as(default)"
     1,      1,     1.00, "Query.fromType(org.jboss.windup.reporting.model.TechnologyTagModel).gremlin().has(name,EQUALS,Derby Driver).as(default)"
     1,      1,     1.00, "Query.fromType(org.jboss.windup.reporting.model.TechnologyTagModel).gremlin().has(name,EQUALS,Petals EIP (embedded)).as(default)"
     1,      0,     0.00, "Query.fromType(org.jboss.windup.reporting.model.TechnologyTagModel).gremlin().has(name,EQUALS,Apache Ignite (embedded)).as(default)"
     1,    168,   168.00, sortDependencyGroupArchivesByPathAscending
     2,      1,     0.50, "Query.fromType(org.jboss.windup.rules.apps.javaee.model.DataSourceModel).gremlin().has(isXA,EQUALS,true).as(default)"
     1,      2,     2.00, "Query.fromType(org.jboss.windup.reporting.model.TechnologyTagModel).gremlin().has(name,EQUALS,Clustering Web Session).as(default)"
     1,      1,     1.00, "Query.fromType(org.jboss.windup.reporting.model.TechnologyTagModel).gremlin().has(name,EQUALS,RabbitMQ Client (embedded)).as(default)"
     1,      1,     1.00, "Query.fromType(org.jboss.windup.reporting.model.TechnologyTagModel).gremlin().has(name,EQUALS,GFC Logging (embedded)).as(default)"
     1,      1,     1.00, "Query.fromType(org.jboss.windup.reporting.model.TechnologyTagModel).gremlin().has(name,EQUALS,ShiftOne (embedded)).as(default)"
     1,      3,     3.00, "Query.fromType(org.jboss.windup.reporting.model.TechnologyTagModel).gremlin().has(name,EQUALS,Jamon (embedded)).as(default)"
    76,    979,    12.88, "TypeReferenceService.createTypeReference(fileModel,location,lineNumber,columnNumber,length,source)"
     1,      1,     1.00, "Query.fromType(org.jboss.windup.reporting.model.TechnologyTagModel).gremlin().has(name,EQUALS,HavaRunner (embedded)).as(default)"
     1,      1,     1.00, "Query.fromType(org.jboss.windup.reporting.model.TechnologyTagModel).gremlin().has(name,EQUALS,WSS4J (embedded)).as(default)"
     1,      2,     2.00, "Query.fromType(org.jboss.windup.rules.apps.java.model.WindupJavaConfigurationModel).gremlin().has(classNotFoundAnalysisEnabled,EQUALS,true).as(default)"
     1,      1,     1.00, "Query.fromType(org.jboss.windup.reporting.model.TechnologyTagModel).gremlin().has(name,EQUALS,Google Guice (embedded)).as(default)"
     1,      1,     1.00, "Query.fromType(org.jboss.windup.reporting.model.TechnologyTagModel).gremlin().has(name,EQUALS,Istio (embedded)).as(default)"
     1,      1,     1.00, "Query.fromType(org.jboss.windup.reporting.model.TechnologyTagModel).gremlin().has(name,EQUALS,Zbus Client (embedded)).as(default)"
     2,    542,   271.00, sortTechUsageStats
     1,      2,     2.00, "Query.fromType(org.jboss.windup.reporting.model.TechnologyTagModel).gremlin().has(name,EQUALS,MinLog (embedded)).as(default)"
     1,      1,     1.00, "Query.fromType(org.jboss.windup.reporting.model.TechnologyTagModel).gremlin().has(name,EQUALS,H2 Driver).as(default)"
     1,    136,   136.00, "FreeMarkerIterationOperation.render(/reports/templates/source.ftl, MANIFEST_MF.10.html)"
     1,    130,   130.00, "FreeMarkerIterationOperation.render(/reports/templates/source.ftl, MANIFEST_MF.4.html)"
     1,     75,    75.00, "FreeMarkerIterationOperation.render(/reports/templates/source.ftl, pom_xml.21.html)"
     1,   1776,  1776.00, "FreeMarkerIterationOperation.render(/reports/templates/source.ftl, weblogic_ejb_jar_xml.html)"
     1,      1,     1.00, "Query.fromType(org.jboss.windup.reporting.model.TechnologyTagModel).gremlin().has(name,EQUALS,OWASP CSRF Guard (embedded)).as(default)"
     1,    930,   930.00, "FreeMarkerIterationOperation.render(/reports/templates/source.ftl, ProductCatalogLocalHome_java.html)"
     1,   6841,  6841.00, "FreeMarkerIterationOperation.render(/reports/templates/migration-issues.ftl, migration_issues.html)"
     1,    131,   131.00, "FreeMarkerIterationOperation.render(/reports/templates/about_windup.ftl, about_global.html)"
     1,      0,     0.00, Query.fromType(org.jboss.windup.rules.apps.javaee.model.JaxRSWebServiceModel).as(default)
    45,     98,     2.18, abstractGetPrettyPathForFile
     1,      0,     0.00, "Query.gremlin().has(referenceType,CONTAINS_ANY_TOKEN,[ANNOTATION]).as(2b8ebc95-891b-4de2-ae81-cd4151a28bec)"
     1,      1,     1.00, "Query.fromType(org.jboss.windup.reporting.model.TechnologyTagModel).gremlin().has(name,EQUALS,XMLUnit (embedded)).as(default)"
     1,      1,     1.00, "Query.fromType(org.jboss.windup.reporting.model.TechnologyTagModel).gremlin().has(name,EQUALS,Rythm Template Engine (embedded)).as(default)"
     1,      0,     0.00, "Query.fromType(org.jboss.windup.reporting.model.TechnologyTagModel).gremlin().has(name,EQUALS,iLog (embedded)).as(default)"
     1,      1,     1.00, "Query.gremlin().has(referenceType,CONTAINS_ANY_TOKEN,[INHERITANCE]).as(037b5d8c-992f-4b0d-bc17-810318e86f2d)"
     1,      1,     1.00, "Query.fromType(org.jboss.windup.reporting.model.TechnologyTagModel).gremlin().has(name,EQUALS,Monolog (embedded)).as(default)"
     1,      2,     2.00, Query.fromType(org.jboss.windup.graph.model.DuplicateArchiveModel).as(default)
     1,      1,     1.00, "Query.fromType(org.jboss.windup.reporting.model.TechnologyTagModel).gremlin().has(name,EQUALS,Spring Integration (embedded)).as(default)"
     1,      1,     1.00, "Query.fromType(org.jboss.windup.reporting.model.TechnologyTagModel).gremlin().has(name,EQUALS,Geronimo JTA (embedded)).as(default)"
     1,   4057,  4057.00, FernflowerDecompilationOperation.perform
     1,      1,     1.00, "Query.fromType(org.jboss.windup.reporting.model.TechnologyTagModel).gremlin().has(name,EQUALS,Keyczar (embedded)).as(default)"
     1,      1,     1.00, "Query.fromType(org.jboss.windup.reporting.model.TechnologyTagModel).gremlin().has(name,EQUALS,Java Transaction API (embedded)).as(default)"
     1,      1,     1.00, "Query.fromType(org.jboss.windup.reporting.model.TechnologyTagModel).gremlin().has(name,EQUALS,Tornado Inject (embedded)).as(default)"
     1,      1,     1.00, "Query.fromType(org.jboss.windup.reporting.model.TechnologyTagModel).gremlin().has(name,EQUALS,XACML (embedded)).as(default)"
     1,      1,     1.00, "Query.fromType(org.jboss.windup.reporting.model.TechnologyTagModel).gremlin().has(name,EQUALS,Handlebars (embedded)).as(default)"
     1,      1,     1.00, "Query.fromType(org.jboss.windup.rules.apps.javaee.model.EjbSessionBeanModel).gremlin().has(sessionType,EQUALS,Stateful).as(default)"
     1,      1,     1.00, "Query.fromType(org.jboss.windup.reporting.model.TechnologyTagModel).gremlin().has(name,EQUALS,Cactus (embedded)).as(default)"
    20,   1598,    79.90, ClassFilePreDecompilationScan.perform()
     1,      1,     1.00, "Query.fromType(org.jboss.windup.reporting.model.TechnologyTagModel).gremlin().has(name,EQUALS,KumuluzEE JTA (embedded)).as(default)"
     2,      1,     0.50, Query.fromType(org.jboss.windup.rules.apps.javaee.model.JspSourceFileModel).as(default)
    71,      3,     0.04, GraphService.findAllByProperty(qualifiedName)
     1,      0,     0.00, Query.fromType(org.jboss.windup.rules.apps.javaee.model.JsfSourceFileModel).as(default)
     1,      0,     0.00, "Query.gremlin().has(referenceType,CONTAINS_ANY_TOKEN,[IMPLEMENTS_TYPE]).as(fcfc24cb-9292-4ffe-bb68-64590db0c2f9)"
     1,      1,     1.00, "Query.fromType(org.jboss.windup.reporting.model.TechnologyTagModel).gremlin().has(name,EQUALS,PicoContainer (embedded)).as(default)"
     1,      1,     1.00, "Query.fromType(org.jboss.windup.reporting.model.TechnologyTagModel).gremlin().has(name,EQUALS,Mycontainer JTA (embedded)).as(default)"
     1,      8,     8.00, Query.fromType(org.jboss.windup.graph.model.WindupConfigurationModel).gremlin()org.jboss.windup.rules.apps.java.scan.provider.DiscoverFilesAndTypesRuleProvider$$Lambda$111/430231018@31746620.as(default)
     1,      1,     1.00, "Query.fromType(org.jboss.windup.reporting.model.TechnologyTagModel).gremlin().has(name,EQUALS,SwitchYard (embedded)).as(default)"
     1,      3,     3.00, "Query.fromType(org.jboss.windup.rules.apps.java.model.JarArchiveModel).gremlin().has(fileName,REGEX,.*jdbc.*\.jar$).as(default)"
     1,      1,     1.00, "Query.fromType(org.jboss.windup.reporting.model.TechnologyTagModel).gremlin().has(name,EQUALS,LevelDB Client).as(default)"
     1,      1,     1.00, "Query.fromType(org.jboss.windup.reporting.model.TechnologyTagModel).gremlin().has(name,EQUALS,RichFaces (embedded)).as(default)"
     1,      0,     0.00, "Query.gremlin().has(referenceType,CONTAINS_ANY_TOKEN,[IMPORT]).as(61d97bb2-9848-4a0e-b88e-711b91bf319e)"
     1,    130,   130.00, getArchiveSHA1ToPathMapper
   454,    410,     0.90, GraphService.findAllByProperty(filePath)
     1,      1,     1.00, "Query.fromType(org.jboss.windup.reporting.model.TechnologyTagModel).gremlin().has(name,EQUALS,Neo4j (embedded)).as(default)"
     1,      0,     0.00, "Query.fromType(org.jboss.windup.reporting.model.TechnologyTagModel).gremlin().has(name,EQUALS,Apache Santuario (embedded)).as(default)"
     1,      1,     1.00, "Query.fromType(org.jboss.windup.reporting.model.TechnologyTagModel).gremlin().has(name,EQUALS,Apache Sirona JTA (embedded)).as(default)"
     1,      1,     1.00, "Query.fromType(org.jboss.windup.reporting.model.TechnologyTagModel).gremlin().has(name,EQUALS,Spring Security (embedded)).as(default)"
     1,      1,     1.00, "Query.fromType(org.jboss.windup.reporting.model.TechnologyTagModel).gremlin().has(name,EQUALS,JBehave (embedded)).as(default)"
     1,      1,     1.00, "Query.fromType(org.jboss.windup.reporting.model.TechnologyTagModel).gremlin().has(name,EQUALS,Logstash (embedded)).as(default)"
     1,      1,     1.00, "Query.fromType(org.jboss.windup.reporting.model.TechnologyTagModel).gremlin().has(name,EQUALS,Spock (embedded)).as(default)"
     1,      1,     1.00, "Query.fromType(org.jboss.windup.rules.apps.java.model.JarArchiveModel).gremlin().has(fileName,REGEX,.*teiid.*\.jar$).as(default)"
     1,      1,     1.00, "Query.fromType(org.jboss.windup.reporting.model.TechnologyTagModel).gremlin().has(name,EQUALS,0MQ Client (embedded)).as(default)"
     1,      1,     1.00, "Query.fromType(org.jboss.windup.reporting.model.TechnologyTagModel).gremlin().has(name,EQUALS,Elasticsearch (embedded)).as(default)"
     1,    112,   112.00, getTechnologyTagsForProjectTraversal
     1,      1,     1.00, "Query.fromType(org.jboss.windup.reporting.model.TechnologyTagModel).gremlin().has(name,EQUALS,Cloudera (embedded)).as(default)"
     1,      0,     0.00, "Query.fromType(org.jboss.windup.reporting.model.TechnologyTagModel).gremlin().has(name,EQUALS,Ehcache (embedded)).as(default)"
     1,      1,     1.00, "Query.fromType(org.jboss.windup.reporting.model.TechnologyTagModel).gremlin().has(name,EQUALS,Apache Meecrowave JTA (embedded)).as(default)"
     1,     73,    73.00, "FreeMarkerIterationOperation.render(/reports/templates/dependency_graph.ftl, dependency_graph_report.html)"
     1,      1,     1.00, "Query.fromType(org.jboss.windup.reporting.model.TechnologyTagModel).gremlin().has(name,EQUALS,AspectJ (embedded)).as(default)"
     1,      0,     0.00, "Query.fromType(org.jboss.windup.reporting.model.TechnologyTagModel).gremlin().has(name,EQUALS,Guava Testing (embedded)).as(default)"
     1,    449,   449.00, "FreeMarkerIterationOperation.render(/reports/templates/dependency_report.ftl, dependency_report_Simple_Sample_App.html)"
     1,      0,     0.00, "Query.fromType(org.jboss.windup.reporting.model.TechnologyTagModel).gremlin().has(name,EQUALS,Jersey (embedded)).as(default)"
     1,      1,     1.00, "Query.fromType(org.jboss.windup.reporting.model.TechnologyTagModel).gremlin().has(name,EQUALS,JBossMQ Client (embedded)).as(default)"
     1,      0,     0.00, "Query.fromType(org.jboss.windup.reporting.model.TechnologyTagModel).gremlin().has(name,EQUALS,MRules (embedded)).as(default)"
     1,      1,     1.00, "Query.fromType(org.jboss.windup.reporting.model.TechnologyTagModel).gremlin().has(name,EQUALS,Spring Data (embedded)).as(default)"
     1,     64,    64.00, Query.fromType(org.jboss.windup.rules.apps.java.model.project.MavenProjectModel).as(default)
     1,      1,     1.00, "Query.fromType(org.jboss.windup.reporting.model.TechnologyTagModel).gremlin().has(name,EQUALS,RocketMQ Client (embedded)).as(default)"
     1,      0,     0.00, Query.fromType(org.jboss.windup.rules.apps.javaee.model.EjbSessionBeanModel).as(default)
     1,      0,     0.00, Query.fromType(org.jboss.windup.rules.apps.java.model.JavaSourceFileModel).as(default)
     1,      1,     1.00, "Query.fromType(org.jboss.windup.rules.apps.javaee.model.EjbSessionBeanModel).gremlin().has(sessionType,EQUALS,Stateless).as(default)"
     1,      0,     0.00, "Query.fromType(org.jboss.windup.reporting.model.TechnologyTagModel).gremlin().has(name,EQUALS,Oracle DB Driver).as(default)"
     1,      1,     1.00, "Query.fromType(org.jboss.windup.reporting.model.TechnologyTagModel).gremlin().has(name,EQUALS,Velocity (embedded)).as(default)"
     1,     73,    73.00, "FreeMarkerIterationOperation.render(/reports/templates/source.ftl, AnvilWebServlet_java.html)"
     1,      1,     1.00, "Query.fromType(org.jboss.windup.reporting.model.TechnologyTagModel).gremlin().has(name,EQUALS,Narayana Arjuna (embedded)).as(default)"
     1,      0,     0.00, "Query.fromType(org.jboss.windup.reporting.model.TechnologyTagModel).gremlin().has(name,EQUALS,Apache Axis (embedded)).as(default)"
     1,      2,     2.00, "Query.fromType(org.jboss.windup.reporting.model.TechnologyTagModel).gremlin().has(name,EQUALS,Apache Wicket (embedded)).as(default)"
     1,      0,     0.00, "Query.fromType(org.jboss.windup.reporting.model.TechnologyTagModel).gremlin().has(name,EQUALS,REST Assured (embedded)).as(default)"
     1,      2,     2.00, "Query.fromType(org.jboss.windup.rules.apps.java.model.JarArchiveModel).gremlin().has(fileName,REGEX,jboss-seam.*\.jar$).as(default)"
     1,      1,     1.00, "Query.fromType(org.jboss.windup.reporting.model.TechnologyTagModel).gremlin().has(name,EQUALS,OmniFaces (embedded)).as(default)"
     1,      1,     1.00, "Query.fromType(org.jboss.windup.reporting.model.TechnologyTagModel).gremlin().has(name,EQUALS,Apache Geronimo (embedded)).as(default)"
     1,      0,     0.00, Query.as(ac868e64-dd25-473e-a43e-708c4ba89c6a)
     1,      1,     1.00, Query.as(277bfb69-2653-40b0-a5b8-5479860ca55d)
     1,      1,     1.00, "Query.fromType(org.jboss.windup.reporting.model.TechnologyTagModel).gremlin().has(name,EQUALS,GlassFish JTA (embedded)).as(default)"
     1,      0,     0.00, "Query.fromType(org.jboss.windup.reporting.model.TechnologyTagModel).gremlin().has(name,EQUALS,Hibernate (embedded)).as(default)"
     1,      1,     1.00, "Query.fromType(org.jboss.windup.graph.model.WindupConfigurationModel).gremlin().has(csv,EQUALS,true).as(default)"
     1,      3,     3.00, "Query.fromType(org.jboss.windup.reporting.model.TechnologyTagModel).gremlin().has(name,EQUALS,PicketLink (embedded)).as(default)"
     1,      1,     1.00, "Query.fromType(org.jboss.windup.reporting.model.TechnologyTagModel).gremlin().has(name,EQUALS,Axion Driver).as(default)"
     1,      1,     1.00, Query.fromType(org.jboss.windup.rules.apps.javaee.model.JmsDestinationModel).as(default)
     1,      1,     1.00, "Query.fromType(org.jboss.windup.reporting.model.TechnologyTagModel).gremlin().has(name,EQUALS,KLogger (embedded)).as(default)"
     1,      2,     2.00, "Query.fromType(org.jboss.windup.rules.apps.java.model.JarArchiveModel).gremlin().has(fileName,REGEX,.*infinispan.*\.jar$).as(default)"
     2,      4,     2.00, "Query.fromType(org.jboss.windup.reporting.model.TechnologyTagModel).gremlin().has(name,EQUALS,Spark (embedded)).as(default)"
     1,      2,     2.00, "Query.fromType(org.jboss.windup.rules.apps.java.model.JarArchiveModel).gremlin().has(fileName,REGEX,.*swarmcache.*\.jar$).as(default)"
     1,      1,     1.00, "Query.fromType(org.jboss.windup.reporting.model.TechnologyTagModel).gremlin().has(name,EQUALS,SLF4J (embedded)).as(default)"
     1,      1,     1.00, "Query.fromType(org.jboss.windup.reporting.model.TechnologyTagModel).gremlin().has(name,EQUALS,HornetQ Client (embedded)).as(default)"
     1,      1,     1.00, "Query.fromType(org.jboss.windup.reporting.model.TechnologyTagModel).gremlin().has(name,EQUALS,Lumberjack (embedded)).as(default)"
     1,    194,   194.00, "FreeMarkerIterationOperation.render(/reports/templates/source.ftl, web_xml.html)"
     1,      1,     1.00, "Query.fromType(org.jboss.windup.reporting.model.TechnologyTagModel).gremlin().has(name,EQUALS,OpenWS (embedded)).as(default)"
     1,      1,     1.00, "Query.fromType(org.jboss.windup.reporting.model.TechnologyTagModel).gremlin().has(name,EQUALS,Apache HBase Client).as(default)"
     1,    239,   239.00, "FreeMarkerIterationOperation.render(/reports/templates/source.ftl, ProductCatalog_java.html)"
     1,     16,    16.00, "FreeMarkerIterationOperation.render(/reports/templates/jboss/jboss-web.ftl, Simple_Sample_App\Simple_Example_Web_Application\jboss-web.xml)"
     9,     15,     1.67, "TypeReferenceService.getPackageUseFrequencies(projectModel,nameDepth,recursive)"
     1,      2,     2.00, "Query.fromType(org.jboss.windup.rules.apps.xml.model.XmlFileModel).gremlin().has(fileName,EQUALS,ibm-ejb-jar-ext.xmi).has(rootTagName,EQUALS,EJBJarExtension).as(default)"
     1,      1,     1.00, "Query.fromType(org.jboss.windup.reporting.model.TechnologyTagModel).gremlin().has(name,EQUALS,JSecurity (embedded)).as(default)"
     1,      1,     1.00, "Query.fromType(org.jboss.windup.reporting.model.TechnologyTagModel).gremlin().has(name,EQUALS,Play (embedded)).as(default)"
     1,      1,     1.00, "Query.fromType(org.jboss.windup.reporting.model.TechnologyTagModel).gremlin().has(name,EQUALS,PrimeFaces (embedded)).as(default)"
     1,      1,     1.00, "Query.fromType(org.jboss.windup.reporting.model.TechnologyTagModel).gremlin().has(name,EQUALS,Kodein (embedded)).as(default)"
     1,    242,   242.00, "FreeMarkerIterationOperation.render(/reports/templates/report_index.ftl, report_index_Simple_Sample_App.html)"
     1,      2,     2.00, Query.fromType(org.jboss.windup.rules.apps.java.archives.model.IdentifiedArchiveModel).as(default)
     1,      1,     1.00, "Query.fromType(org.jboss.windup.reporting.model.TechnologyTagModel).gremlin().has(name,EQUALS,MongoDB Client).as(default)"
     1,      1,     1.00, "Query.fromType(org.jboss.windup.reporting.model.TechnologyTagModel).gremlin().has(name,EQUALS,Apache CXF (embedded)).as(default)"
     1,      1,     1.00, "Query.fromType(org.jboss.windup.reporting.model.TechnologyTagModel).gremlin().has(name,EQUALS,Spring Transactions (embedded)).as(default)"
     8,      3,     0.38, sortDependencyArchivesByPathAscending
     1,      2,     2.00, "Query.fromType(org.jboss.windup.rules.apps.java.model.JarArchiveModel).gremlin().has(fileName,REGEX,.*jsf-[(api)|(impl)].*\.jar$).as(default)"
     1,      1,     1.00, "Query.fromType(org.jboss.windup.reporting.model.TechnologyTagModel).gremlin().has(name,EQUALS,Arquillian (embedded)).as(default)"
     1,      7,     7.00, Query.fromType(org.jboss.windup.rules.apps.xml.model.XmlFileModel).as(default)
     1,     79,    79.00, "FreeMarkerIterationOperation.render(/reports/templates/source.ftl, ejb_jar_xml.html)"
     7,      2,     0.29, org.jboss.windup.reporting.config.HasHint
     1,      1,     1.00, "Query.fromType(org.jboss.windup.reporting.model.TechnologyTagModel).gremlin().has(name,EQUALS,CDI).as(default)"
     1,    107,   107.00, "FreeMarkerIterationOperation.render(/reports/templates/source.ftl, LogEventPublisher_java.html)"
     1,      1,     1.00, "Query.fromType(org.jboss.windup.reporting.model.TechnologyTagModel).gremlin().has(name,EQUALS,Dagger (embedded)).as(default)"
     1,      1,     1.00, "Query.fromType(org.jboss.windup.reporting.model.TechnologyTagModel).gremlin().has(name,EQUALS,AMQP Client (embedded)).as(default)"
     1,     87,    87.00, "FreeMarkerIterationOperation.render(/reports/templates/source.ftl, MANIFEST_MF.2.html)"
     1,      1,     1.00, "Query.fromType(org.jboss.windup.reporting.model.TechnologyTagModel).gremlin().has(name,EQUALS,EasyMock (embedded)).as(default)"
     1,      0,     0.00, "Query.fromType(org.jboss.windup.reporting.model.TechnologyTagModel).gremlin().has(name,EQUALS,Swagger (embedded)).as(default)"
     1,      2,     2.00, "Query.fromType(org.jboss.windup.rules.apps.xml.model.NamespaceMetaModel).gremlin().has(namespaceURI,EQUALS,http://java.sun.com/xml/ns/persistence).as(default)"
     1,      0,     0.00, Query.fromType(org.jboss.windup.rules.apps.javaee.model.CssFileModel).as(default)
     1,      1,     1.00, "Query.gremlin().has(referenceType,CONTAINS_ANY_TOKEN,[INHERITANCE]).as(b11ad12e-38d8-4048-8568-d2310569aa87)"
     1,      1,     1.00, "Query.fromType(org.jboss.windup.reporting.model.TechnologyTagModel).gremlin().has(name,EQUALS,Tomcat (embedded)).as(default)"
     1,      0,     0.00, "Query.fromType(org.jboss.windup.reporting.model.TechnologyTagModel).gremlin().has(name,EQUALS,Demoiselle JTA (embedded)).as(default)"
     1,      0,     0.00, "Query.fromType(org.jboss.windup.reporting.model.TechnologyTagModel).gremlin().has(name,EQUALS,PicketBox (embedded)).as(default)"
     1,      1,     1.00, "Query.fromType(org.jboss.windup.reporting.model.TechnologyTagModel).gremlin().has(name,EQUALS,Apache Shiro (embedded)).as(default)"
     1,    144,   144.00, "FreeMarkerIterationOperation.render(/reports/templates/source.ftl, pom_xml.5.html)"
     1,      1,     1.00, "Query.fromType(org.jboss.windup.reporting.model.TechnologyTagModel).gremlin().has(name,EQUALS,JMustache (embedded)).as(default)"
     1,      3,     3.00, "Query.fromType(org.jboss.windup.rules.apps.xml.model.XmlFileModel).gremlin().has(fileName,EQUALS,pom.xml).as(default)"
     1,      1,     1.00, "Query.fromType(org.jboss.windup.reporting.model.TechnologyTagModel).gremlin().has(name,EQUALS,RandomizedTesting Runner (embedded)).as(default)"
     1,      1,     1.00, "Query.fromType(org.jboss.windup.reporting.model.TechnologyTagModel).gremlin().has(name,EQUALS,Drools (embedded)).as(default)"
     1,      1,     1.00, "Query.gremlin().has(referenceType,CONTAINS_ANY_TOKEN,[METHOD_CALL]).as(200316a8-48eb-482b-82f0-d6e2905fd2ec)"
     1,      0,     0.00, "Query.fromType(org.jboss.windup.reporting.model.TechnologyTagModel).gremlin().has(name,EQUALS,Blitz4j (embedded)).as(default)"
     1,      0,     0.00, Query.fromType(org.jboss.windup.rules.apps.java.model.WindupJavaConfigurationModel).as(default)
     1,     20,    20.00, Query.fromType(org.jboss.windup.rules.apps.javaee.model.RemoteServiceModel).as(default)
     1,    925,   925.00, "FreeMarkerIterationOperation.render(/reports/templates/source.ftl, pom_xml.17.html)"
     5,     14,     2.80, GraphService.findAllByProperty(JNDI_LOCATION)
     1,      1,     1.00, "Query.fromType(org.jboss.windup.reporting.model.TechnologyTagModel).gremlin().has(name,EQUALS,Easy Rules (embedded)).as(default)"
     1,      2,     2.00, "Query.fromType(org.jboss.windup.rules.apps.xml.model.XmlFileModel).gremlin().has(rootTagName,EQUALS,datasources).as(default)"
     1,      1,     1.00, "Query.fromType(org.jboss.windup.reporting.model.TechnologyTagModel).gremlin().has(name,EQUALS,Polyforms DI (embedded)).as(default)"
     1,      1,     1.00, "Query.fromType(org.jboss.windup.reporting.model.TechnologyTagModel).gremlin().has(name,EQUALS,JFreeChart (embedded)).as(default)"
     1,    119,   119.00, "FreeMarkerIterationOperation.render(/reports/templates/source.ftl, MANIFEST_MF.html)"
     1,     27,    27.00, Query.fromType(org.jboss.windup.graph.model.resource.FileModel).as(default)
     1,      1,     1.00, "Query.fromType(org.jboss.windup.reporting.model.TechnologyTagModel).gremlin().has(name,EQUALS,BootsFaces (embedded)).as(default)"
     1,    209,   209.00, "FreeMarkerIterationOperation.render(/reports/templates/source.ftl, pom_properties.6.html)"
   325,     76,     0.23, TypeInterestFactory.matchesAny(text).manualSearch
     1,      4,     4.00, "Query.fromType(org.jboss.windup.rules.apps.xml.model.XmlFileModel).gremlin().has(fileName,EQUALS,ibm-ejb-jar-bnd.xmi).has(rootTagName,EQUALS,EJBJarBinding).as(default)"
     1,      1,     1.00, "Query.fromType(org.jboss.windup.reporting.model.TechnologyTagModel).gremlin().has(name,EQUALS,JCache (embedded)).as(default)"
     1,      0,     0.00, "Query.fromType(org.jboss.windup.reporting.model.TechnologyTagModel).gremlin().has(name,EQUALS,MapR (embedded)).as(default)"
   492,     94,     0.19, TypeInterestFactory.matchesAny(text)
   356,    114,     0.32, GraphService.findAllByProperty(name)
     1,      3,     3.00, "Query.fromType(org.jboss.windup.rules.apps.xml.model.XmlFileModel).gremlin().has(rootTagName,EQUALS,orion-ejb-jar).as(default)"
     1,      1,     1.00, "Query.fromType(org.jboss.windup.reporting.model.TechnologyTagModel).gremlin().has(name,EQUALS,ServiceMix (embedded)).as(default)"
     1,      0,     0.00, "Query.gremlin().has(referenceType,CONTAINS_ANY_TOKEN,[ANNOTATION]).as(4e768fde-aa26-4db7-9c5a-e09d99b34df3)"
     1,      0,     0.00, Query.fromType(org.jboss.windup.rules.apps.java.ip.HardcodedIPLocationModel).as(default)
    32,      1,     0.03, getEffortDescriptionForPoints
    45,      4,     0.09, fileModelToSourceReport
     1,      1,     1.00, "Query.fromType(org.jboss.windup.reporting.model.TechnologyTagModel).gremlin().has(name,EQUALS,KouInject (embedded)).as(default)"
     1,      0,     0.00, sortApplicationsList
     1,      1,     1.00, "Query.fromType(org.jboss.windup.reporting.model.TechnologyTagModel).gremlin().has(name,EQUALS,Cucumber (embedded)).as(default)"
     1,      0,     0.00, Query.fromType(org.jboss.windup.rules.apps.javaee.model.JPAPersistenceUnitModel).as(default)
     1,      1,     1.00, "Query.fromType(org.jboss.windup.reporting.model.TechnologyTagModel).gremlin().has(name,EQUALS,Restito (embedded)).as(default)"
     1,     99,    99.00, "FreeMarkerIterationOperation.render(/reports/templates/source.ftl, ItemLookupLocal_java.html)"
     1,      2,     2.00, "Query.fromType(org.jboss.windup.rules.apps.java.model.JarArchiveModel).gremlin().has(fileName,REGEX,.*memcached.*\.jar$).as(default)"
     1,      1,     1.00, "Query.fromType(org.jboss.windup.reporting.model.TechnologyTagModel).gremlin().has(name,EQUALS,WF Core JTA (embedded)).as(default)"
     1,      0,     0.00, "Query.fromType(org.jboss.windup.reporting.model.TechnologyTagModel).gremlin().has(name,EQUALS,OACC (embedded)).as(default)"
     1,      1,     1.00, "Query.fromType(org.jboss.windup.reporting.model.TechnologyTagModel).gremlin().has(name,EQUALS,OCPsoft Logging Utils (embedded)).as(default)"
     1,      2,     2.00, "Query.fromType(org.jboss.windup.rules.apps.java.model.JarArchiveModel).gremlin().has(fileName,REGEX,.*cache-api.*\.jar$).as(default)"
     1,      1,     1.00, "Query.fromType(org.jboss.windup.reporting.model.TechnologyTagModel).gremlin().has(name,EQUALS,MySQL Driver).as(default)"
     1,      2,     2.00, Query.as(b202fbfe-8567-4f8b-9390-589110a96c20)
     1,      1,     1.00, "Query.fromType(org.jboss.windup.reporting.model.TechnologyTagModel).gremlin().has(name,EQUALS,Scaldi (embedded)).as(default)"
     1,      1,     1.00, "Query.fromType(org.jboss.windup.reporting.model.TechnologyTagModel).gremlin().has(name,EQUALS,Winter (embedded)).as(default)"
     1,      1,     1.00, "Query.fromType(org.jboss.windup.reporting.model.TechnologyTagModel).gremlin().has(name,EQUALS,Composite Logging JCL (embedded)).as(default)"
     1,      1,     1.00, "Query.fromType(org.jboss.windup.rules.apps.javaee.model.JmsDestinationModel).gremlin().has(destinationType,EQUALS,QUEUE).as(default)"
     1,      3,     3.00, "Query.fromType(org.jboss.windup.rules.apps.xml.model.XmlFileModel).gremlin().has(rootTagName,EQUALS,ejb-jar).has(fileName,EQUALS,jboss-ejb3.xml).as(default)"
     1,      1,     1.00, "Query.fromType(org.jboss.windup.reporting.model.TechnologyTagModel).gremlin().has(name,EQUALS,Mule Functional Test Framework (embedded)).as(default)"
     1,      1,     1.00, "Query.fromType(org.jboss.windup.reporting.model.TechnologyTagModel).gremlin().has(name,EQUALS,Test Interface (embedded)).as(default)"
     1,      1,     1.00, "Query.fromType(org.jboss.windup.reporting.model.TechnologyTagModel).gremlin().has(name,EQUALS,Spring (embedded)).as(default)"
     1,      1,     1.00, "Query.fromType(org.jboss.windup.reporting.model.TechnologyTagModel).gremlin().has(name,EQUALS,Micro DI (embedded)).as(default)"
     1,      2,     2.00, getNumberOfLibraries
     1,      1,     1.00, "Query.fromType(org.jboss.windup.reporting.model.TechnologyTagModel).gremlin().has(name,EQUALS,Sticky Configured (embedded)).as(default)"
     1,      1,     1.00, "Query.fromType(org.jboss.windup.reporting.model.TechnologyTagModel).gremlin().has(name,EQUALS,Spring Boot (embedded)).as(default)"
     1,      1,     1.00, "Query.fromType(org.jboss.windup.reporting.model.TechnologyTagModel).gremlin().has(name,EQUALS,JayWire (embedded)).as(default)"
     5,     70,    14.00, Query.fromType(org.jboss.windup.graph.model.ArchiveModel).as(default)
     1,      1,     1.00, "Query.fromType(org.jboss.windup.reporting.model.TechnologyTagModel).gremlin().has(name,EQUALS,Anakia (embedded)).as(default)"
     1,      1,     1.00, "Query.fromType(org.jboss.windup.reporting.model.TechnologyTagModel).gremlin().has(name,EQUALS,OpenSAML (embedded)).as(default)"
     1,      1,     1.00, "Query.fromType(org.jboss.windup.reporting.model.TechnologyTagModel).gremlin().has(name,EQUALS,Logging to Socket Handler).as(default)"
     1,      1,     1.00, "Query.fromType(org.jboss.windup.reporting.model.TechnologyTagModel).gremlin().has(name,EQUALS,OWASP ESAPI (embedded)).as(default)"
     1,      2,     2.00, "Query.fromType(org.jboss.windup.reporting.model.TechnologyTagModel).gremlin().has(name,EQUALS,XFire (embedded)).as(default)"
     1,      3,     3.00, "Query.fromType(org.jboss.windup.reporting.model.TechnologyTagModel).gremlin().has(name,EQUALS,Unitils (embedded)).as(default)"
    13,    108,     8.31, Classification.performParameterized
     1,    278,   278.00, "FreeMarkerIterationOperation.render(/reports/templates/ejb.ftl, ejbreport_Simple_Sample_App.html)"
     1,      1,     1.00, "Query.fromType(org.jboss.windup.reporting.model.TechnologyTagModel).gremlin().has(name,EQUALS,Qpid Client (embedded)).as(default)"
     1,      0,     0.00, Query.fromType(org.jboss.windup.rules.apps.javaee.model.HibernateEntityModel).as(default)
     1,      1,     1.00, "Query.fromType(org.jboss.windup.reporting.model.TechnologyTagModel).gremlin().has(name,EQUALS,tinylog (embedded)).as(default)"
     1,      1,     1.00, "Query.fromType(org.jboss.windup.reporting.model.TechnologyTagModel).gremlin().has(name,EQUALS,DVSL (embedded)).as(default)"
     1,    255,   255.00, "FreeMarkerIterationOperation.render(/reports/templates/source.ftl, ItemLookupHome_java.html)"
     1,      1,     1.00, "Query.fromType(org.jboss.windup.reporting.model.TechnologyTagModel).gremlin().has(name,EQUALS,Injekt for Kotlin (embedded)).as(default)"
     5,    121,    24.20, GraphService.findAllByProperty(ejbBeanName)
    16,     31,     1.94, GraphService.findAllByProperty(stats.name)
     1,      1,     1.00, "Query.fromType(org.jboss.windup.reporting.model.TechnologyTagModel).gremlin().has(name,EQUALS,Avalon Logkit (embedded)).as(default)"
     1,      1,     1.00, "Query.fromType(org.jboss.windup.reporting.model.TechnologyTagModel).gremlin().has(name,EQUALS,Logback (embedded)).as(default)"
     1,      1,     1.00, "Query.fromType(org.jboss.windup.reporting.model.TechnologyTagModel).gremlin().has(name,EQUALS,Dynacache (embedded)).as(default)"
     1,    167,   167.00, "FreeMarkerIterationOperation.render(/reports/templates/windupfreemarkerfunctions.ftl, windup_freemarkerfunctions.html)"
     1,      1,     1.00, "Query.fromType(org.jboss.windup.reporting.model.TechnologyTagModel).gremlin().has(name,EQUALS,Silk DI (embedded)).as(default)"
     1,      1,     1.00, "Query.fromType(org.jboss.windup.reporting.model.TechnologyTagModel).gremlin().has(name,EQUALS,Unirest (embedded)).as(default)"
     1,      1,     1.00, "Query.fromType(org.jboss.windup.rules.apps.xml.model.XmlFileModel).gremlin().has(rootTagName,EQUALS,weblogic-web-app).as(default)"
     1,      0,     0.00, "Query.fromType(org.jboss.windup.reporting.model.TechnologyTagModel).gremlin().has(name,EQUALS,Grapht DI (embedded)).as(default)"
     1,    113,   113.00, "FreeMarkerIterationOperation.render(/reports/templates/source.ftl, pom_xml.1.html)"
     1,     15,    15.00, "Query.fromType(org.jboss.windup.rules.apps.xml.model.XmlFileModel).gremlin().has(rootTagName,EQUALS,web-app).has(fileName,NOT_EQUALS,geronimo-web.xml).as(default)"
     1,      1,     1.00, "Query.fromType(org.jboss.windup.reporting.model.TechnologyTagModel).gremlin().has(name,EQUALS,Camunda (embedded)).as(default)"
     1,      3,     3.00, "Query.fromType(org.jboss.windup.rules.apps.java.model.JarArchiveModel).gremlin().has(fileName,REGEX,.*coherence.*\.jar$).as(default)"
     1,    588,   588.00, "FreeMarkerIterationOperation.render(/reports/templates/techReport-boxes.ftl, techReport_Simple_Sample_App.html)"
     1,      0,     0.00, "Query.gremlin().has(referenceType,CONTAINS_ANY_TOKEN,[CONSTRUCTOR_CALL]).as(ee9067e6-3633-44e9-bd7e-7f19964d2b0e)"
     1,      1,     1.00, "Query.fromType(org.jboss.windup.reporting.model.TechnologyTagModel).gremlin().has(name,EQUALS,Mixer (embedded)).as(default)"
     1,      0,     0.00, "Query.fromType(org.jboss.windup.reporting.model.TechnologyTagModel).gremlin().has(name,EQUALS,Teiid (embedded)).as(default)"
     1,    124,   124.00, "FreeMarkerIterationOperation.render(/reports/templates/ignored_files.ftl, ignoredfiles_Simple_Sample_App.html)"
     1,     48,    48.00, "Query.fromType(org.jboss.windup.rules.apps.java.model.JarArchiveModel).gremlin().has(fileName,REGEX,.*myfaces-[(api)|(impl)|(bundle)].*\.jar$).as(default)"
     1,    441,   441.00, "FreeMarkerIterationOperation.render(/reports/templates/source.ftl, pom_xml.13.html)"
     1,    142,   142.00, "FreeMarkerIterationOperation.render(/reports/templates/source.ftl, MANIFEST_MF.7.html)"
     8,    159,    19.88, DiscoverPropertiesFilesRuleProvider.perform
     1,      1,     1.00, "Query.fromType(org.jboss.windup.reporting.model.TechnologyTagModel).gremlin().has(name,EQUALS,EtlUnit (embedded)).as(default)"
     1,      1,     1.00, "Query.fromType(org.jboss.windup.reporting.model.TechnologyTagModel).gremlin().has(name,EQUALS,Vaadin (embedded)).as(default)"
     1,      1,     1.00, "Query.fromType(org.jboss.windup.reporting.model.TechnologyTagModel).gremlin().has(name,EQUALS,Java EE Batch).as(default)"
     1,      1,     1.00, "Query.fromType(org.jboss.windup.reporting.model.TechnologyTagModel).gremlin().has(name,EQUALS,Specsy (embedded)).as(default)"
     1,    205,   205.00, "FreeMarkerIterationOperation.render(/reports/templates/source.ftl, ItemLookupLocalHome_java.html)"
     1,      2,     2.00, "Query.fromType(org.jboss.windup.rules.apps.java.model.JarArchiveModel).gremlin().has(fileName,REGEX,.*shiftone.*\.jar$).as(default)"
     1,      1,     1.00, "Query.fromType(org.jboss.windup.reporting.model.TechnologyTagModel).gremlin().has(name,EQUALS,Evo JTA (embedded)).as(default)"
     1,      0,     0.00, "Query.fromType(org.jboss.windup.reporting.model.TechnologyTagModel).gremlin().has(name,EQUALS,JSTL (embedded)).as(default)"
     1,      1,     1.00, "Query.fromType(org.jboss.windup.reporting.model.TechnologyTagModel).gremlin().has(name,EQUALS,Ka DI (embedded)).as(default)"
     1,   5331,  5331.00, org.jboss.windup.graph.GraphContextFactory.create(Path)
     1,      0,     0.00, "Query.gremlin().has(referenceType,CONTAINS_ANY_TOKEN,[IMPLEMENTS_TYPE]).as(c3765ae2-8eac-4ce5-bf42-d25e4eb37c4c)"
     1,      1,     1.00, "Query.fromType(org.jboss.windup.reporting.model.TechnologyTagModel).gremlin().has(name,EQUALS,JSF (embedded)).as(default)"
     9,      1,     0.11, getClassificationForFile
     1,      1,     1.00, "Query.fromType(org.jboss.windup.reporting.model.TechnologyTagModel).gremlin().has(name,EQUALS,OW2 JTA (embedded)).as(default)"
     1,    895,   895.00, "FreeMarkerIterationOperation.render(/reports/templates/source.ftl, pom_properties.19.html)"
     1,      1,     1.00, "Query.fromType(org.jboss.windup.reporting.model.TechnologyTagModel).gremlin().has(name,EQUALS,Spring MVC (embedded)).as(default)"
     1,      1,     1.00, "Query.fromType(org.jboss.windup.reporting.model.TechnologyTagModel).gremlin().has(name,EQUALS,Portlet (embedded)).as(default)"
    53,    200,     3.77, GraphService.findAllByProperty(mavenIdentifier)
     1,      1,     1.00, "Query.fromType(org.jboss.windup.reporting.model.TechnologyTagModel).gremlin().has(name,EQUALS,Cfg Engine (embedded)).as(default)"
     1,      0,     0.00, "Query.fromType(org.jboss.windup.reporting.model.TechnologyTagModel).gremlin().has(name,EQUALS,Webmacro (embedded)).as(default)"
     1,      1,     1.00, "Query.fromType(org.jboss.windup.reporting.model.TechnologyTagModel).gremlin().has(name,EQUALS,Oracle ADF (embedded)).as(default)"
     1,      0,     0.00, "Query.fromType(org.jboss.windup.reporting.model.TechnologyTagModel).gremlin().has(name,EQUALS,Apache Log4J (embedded)).as(default)"
     1,      1,     1.00, "Query.fromType(org.jboss.windup.reporting.model.TechnologyTagModel).gremlin().has(name,EQUALS,OPS4J Pax Logging Service (embedded)).as(default)"
     1,      0,     0.00, Query.fromType(org.jboss.windup.rules.apps.javaee.model.HibernateConfigurationFileModel).as(default)
     1,    221,   221.00, "FreeMarkerIterationOperation.render(/reports/templates/source.ftl, pom_xml.12.html)"
     1,      1,     1.00, "Query.fromType(org.jboss.windup.reporting.model.TechnologyTagModel).gremlin().has(name,EQUALS,AOP Alliance (embedded)).as(default)"
     1,      1,     1.00, Query.fromType(org.jboss.windup.reporting.model.ApplicationReportModel).as(default)
     1,    133,   133.00, "FreeMarkerIterationOperation.render(/reports/templates/remote.ftl, remotereport_Simple_Sample_App.html)"
     1,      1,     1.00, "Query.fromType(org.jboss.windup.reporting.model.TechnologyTagModel).gremlin().has(name,EQUALS,PowerMock (embedded)).as(default)"
     1,      1,     1.00, "Query.fromType(org.jboss.windup.reporting.model.TechnologyTagModel).gremlin().has(name,EQUALS,JMockit (embedded)).as(default)"
    90,     51,     0.57, getMigrationEffortPointsForFile
     1,      1,     1.00, "Query.fromType(org.jboss.windup.reporting.model.TechnologyTagModel).gremlin().has(name,EQUALS,Chunk Templates (embedded)).as(default)"
     1,      1,     1.00, "Query.gremlin().has(referenceType,CONTAINS_ANY_TOKEN,[ANNOTATION]).as(0cee0184-1e1f-47c3-8c45-1495e97f720c)"
     1,      1,     1.00, "Query.fromType(org.jboss.windup.reporting.model.TechnologyTagModel).gremlin().has(name,EQUALS,MyFaces (embedded)).as(default)"
     1,      1,     1.00, "Query.fromType(org.jboss.windup.reporting.model.TechnologyTagModel).gremlin().has(name,EQUALS,Mule (embedded)).as(default)"
     1,      1,     1.00, "Query.fromType(org.jboss.windup.reporting.model.TechnologyTagModel).gremlin().has(name,EQUALS,Jetbrick Template (embedded)).as(default)"
     1,    132,   132.00, "FreeMarkerIterationOperation.render(/reports/templates/source.ftl, weblogic_xml.html)"
     1,      0,     0.00, "Query.fromType(org.jboss.windup.reporting.model.TechnologyTagModel).gremlin().has(name,EQUALS,Apache Axis2 (embedded)).as(default)"
     1,      1,     1.00, "Query.fromType(org.jboss.windup.reporting.model.TechnologyTagModel).gremlin().has(name,EQUALS,Log.io (embedded)).as(default)"
    20,    640,    32.00, Hint.performParameterized
     1,      1,     1.00, "Query.fromType(org.jboss.windup.reporting.model.TechnologyTagModel).gremlin().has(name,EQUALS,TestNG (embedded)).as(default)"
     1,   2227,  2227.00, "FreeMarkerIterationOperation.render(/reports/templates/techReport-punchCard.ftl, techReport_punch.html)"
     1,      1,     1.00, "Query.fromType(org.jboss.windup.reporting.model.TechnologyTagModel).gremlin().has(name,EQUALS,Weld (embedded)).as(default)"
     2,     33,    16.50, getEffortCountForProjectByIssueCategory
     1,      1,     1.00, "Query.fromType(org.jboss.windup.reporting.model.TechnologyTagModel).gremlin().has(name,EQUALS,SSL (embedded)).as(default)"
     1,     63,    63.00, "FreeMarkerIterationOperation.render(/reports/templates/source.ftl, MANIFEST_MF.16.html)"
     4,     12,     3.00, TechnologyTag.performParameterized
     1,      1,     1.00, "Query.fromType(org.jboss.windup.reporting.model.TechnologyTagModel).gremlin().has(name,EQUALS,SQLite Driver).as(default)"
     1,      8,     8.00, Query.fromType(org.jboss.windup.graph.model.ArchiveModel).gremlin()org.jboss.windup.config.query.Query$1@27cd312c.as(default)
     1,      0,     0.00, Query.fromType(org.jboss.windup.rules.apps.javaee.model.EjbDeploymentDescriptorModel).as(default)
     1,      1,     1.00, "Query.fromType(org.jboss.windup.reporting.model.TechnologyTagModel).gremlin().has(name,EQUALS,3scale (embedded)).as(default)"
     1,    148,   148.00, "FreeMarkerIterationOperation.render(/reports/templates/source.ftl, pom_properties.3.html)"
     1,      1,     1.00, "Query.fromType(org.jboss.windup.reporting.model.TechnologyTagModel).gremlin().has(name,EQUALS,Apache Aries (embedded)).as(default)"
     1,      1,     1.00, Query.as(16bf55f3-747b-4889-b21f-086a6cdec6ec)
     1,      1,     1.00, "Query.fromType(org.jboss.windup.reporting.model.TechnologyTagModel).gremlin().has(name,EQUALS,BeanInject (embedded)).as(default)"
     1,      1,     1.00, "Query.fromType(org.jboss.windup.reporting.model.TechnologyTagModel).gremlin().has(name,EQUALS,Apache Commons Validator (embedded)).as(default)"
     1,     67,    67.00, "FreeMarkerIterationOperation.render(/reports/templates/source.ftl, pom_properties.14.html)"
     1,    388,   388.00, "FreeMarkerIterationOperation.render(/reports/templates/source.ftl, ProductCatalogLocal_java.html)"
     1,      1,     1.00, "Query.fromType(org.jboss.windup.reporting.model.TechnologyTagModel).gremlin().has(name,EQUALS,MckoiSQLDB Driver).as(default)"
     1,      0,     0.00, "Query.fromType(org.jboss.windup.reporting.model.TechnologyTagModel).gremlin().has(name,EQUALS,Peaberry (embedded)).as(default)"
     1,      2,     2.00, "Query.fromType(org.jboss.windup.reporting.model.TechnologyTagModel).gremlin().has(name,EQUALS,SNMP4J (embedded)).as(default)"
     1,    271,   271.00, "FreeMarkerIterationOperation.render(/reports/templates/source.ftl, pom_properties.22.html)"
     1,      1,     1.00, "Query.fromType(org.jboss.windup.reporting.model.TechnologyTagModel).gremlin().has(name,EQUALS,Kotlin Logging (embedded)).as(default)"
     1,      1,     1.00, "Query.fromType(org.jboss.windup.reporting.model.TechnologyTagModel).gremlin().has(name,EQUALS,Akka Testkit (embedded)).as(default)"
     1,      0,     0.00, "Query.fromType(org.jboss.windup.reporting.model.TechnologyTagModel).gremlin().has(name,EQUALS,Syringe (embedded)).as(default)"
     1,      1,     1.00, "Query.fromType(org.jboss.windup.reporting.model.TechnologyTagModel).gremlin().has(name,EQUALS,GIN (embedded)).as(default)"
     1,      1,     1.00, "Query.fromType(org.jboss.windup.reporting.model.TechnologyTagModel).gremlin().has(name,EQUALS,SwarmCache (embedded)).as(default)"
     1,      3,     3.00, Query.fromType(org.jboss.windup.rules.apps.xml.model.DoctypeMetaModel).gremlin()org.jboss.windup.rules.apps.javaee.rules.DiscoverHibernateConfigurationRuleProvider$1@68862632.as(default)
     1,      1,     1.00, "Query.fromType(org.jboss.windup.reporting.model.TechnologyTagModel).gremlin().has(name,EQUALS,Ignite JTA (embedded)).as(default)"
     1,      1,     1.00, "Query.fromType(org.jboss.windup.reporting.model.TechnologyTagModel).gremlin().has(name,EQUALS,JBoss Transactions (embedded)).as(default)"
     1,      1,     1.00, "Query.fromType(org.jboss.windup.reporting.model.TechnologyTagModel).gremlin().has(name,EQUALS,Jetty (embedded)).as(default)"
     1,    127,   127.00, "FreeMarkerIterationOperation.render(/reports/templates/source.ftl, pom_properties.8.html)"
     1,      1,     1.00, "Query.fromType(org.jboss.windup.reporting.model.TechnologyTagModel).gremlin().has(name,EQUALS,JMock (embedded)).as(default)"
     1,      0,     0.00, Query.fromType(org.jboss.windup.rules.apps.javaee.model.JPANamedQueryModel).as(default)
   372,    593,     1.59, "FileService.createByFilePath(parentFile, filePath)"
     1,      1,     1.00, "Query.fromType(org.jboss.windup.reporting.model.TechnologyTagModel).gremlin().has(name,EQUALS,Oscache (embedded)).as(default)"
     1,      1,     1.00, "Query.fromType(org.jboss.windup.reporting.model.TechnologyTagModel).gremlin().has(name,EQUALS,JUnit (embedded)).as(default)"
     1,      1,     1.00, "Query.fromType(org.jboss.windup.reporting.model.TechnologyTagModel).gremlin().has(name,EQUALS,WSO2 (embedded)).as(default)"
     1,      0,     0.00, "Query.fromType(org.jboss.windup.reporting.model.TechnologyTagModel).gremlin().has(name,EQUALS,Iroh (embedded)).as(default)"
     1,      0,     0.00, Query.as(ef511e5e-492e-4cb0-b461-c88729da96cf)
     1,      1,     1.00, "Query.fromType(org.jboss.windup.reporting.model.TechnologyTagModel).gremlin().has(name,EQUALS,Apache Karaf (embedded)).as(default)"
     1,      1,     1.00, "Query.fromType(org.jboss.windup.reporting.model.TechnologyTagModel).gremlin().has(name,EQUALS,LiferayFaces (embedded)).as(default)"
     1,    103,   103.00, "FreeMarkerIterationOperation.render(/reports/templates/source.ftl, ProductCatalogBean_java.html)"
     1,      0,     0.00, Query.fromType(org.jboss.windup.rules.apps.javaee.model.RMIServiceModel).as(default)
     1,      1,     1.00, "Query.fromType(org.jboss.windup.reporting.model.TechnologyTagModel).gremlin().has(name,EQUALS,Snippetory Template Engine (embedded)).as(default)"
     1,    124,   124.00, "FreeMarkerIterationOperation.render(/reports/templates/source.ftl, ItemLookup_java.html)"
     1,      1,     1.00, "Query.fromType(org.jboss.windup.reporting.model.TechnologyTagModel).gremlin().has(name,EQUALS,Apache Flume (embedded)).as(default)"
     1,      4,     4.00, "Query.fromType(org.jboss.windup.rules.apps.xml.model.XmlFileModel).gremlin().has(rootTagName,EQUALS,process-definition).as(default)"
     1,      2,     2.00, "Query.fromType(org.jboss.windup.rules.apps.xml.model.XmlFileModel).gremlin().has(fileName,EQUALS,ibm-webservices-bnd.xmi).has(rootTagName,EQUALS,WSBinding).as(default)"
     1,      3,     3.00, "Query.fromType(org.jboss.windup.rules.apps.xml.model.XmlFileModel).gremlin().has(rootTagName,EQUALS,ejb-jar).as(default)"
     1,      1,     1.00, "Query.fromType(org.jboss.windup.reporting.model.TechnologyTagModel).gremlin().has(name,EQUALS,Microsoft SQL Driver).as(default)"
     1,      1,     1.00, "Query.fromType(org.jboss.windup.reporting.model.TechnologyTagModel).gremlin().has(name,EQUALS,Vlad (embedded)).as(default)"
    13,      5,     0.38, GraphService.findAllByProperty(ClassificationModel-classification)
    34,      0,     0.00, iterableHasContent
     1,      1,     1.00, "Query.fromType(org.jboss.windup.reporting.model.TechnologyTagModel).gremlin().has(name,EQUALS,JBoss logging (embedded)).as(default)"
     1,      1,     1.00, "Query.fromType(org.jboss.windup.rules.apps.xml.model.XmlFileModel).gremlin().has(rootTagName,EQUALS,orion-web-app).as(default)"
     1,     20,    20.00, Query.fromType(org.jboss.windup.rules.apps.javaee.model.JNDIResourceModel).as(default)
     1,      1,     1.00, "Query.fromType(org.jboss.windup.reporting.model.TechnologyTagModel).gremlin().has(name,EQUALS,Apache Tapestry (embedded)).as(default)"
     9,      5,     0.56, projectModelToOrganizations
     1,      1,     1.00, "Query.fromType(org.jboss.windup.reporting.model.TechnologyTagModel).gremlin().has(name,EQUALS,Morphia).as(default)"
     1,      0,     0.00, "Query.fromType(org.jboss.windup.reporting.model.TechnologyTagModel).gremlin().has(name,EQUALS,Clustering EJB).as(default)"
     1,      1,     1.00, "Query.fromType(org.jboss.windup.reporting.model.TechnologyTagModel).gremlin().has(name,EQUALS,Infinispan (embedded)).as(default)"
   484,   1189,     2.46, GraphService.findAllByPropertyMatchingRegex(filePath)
     1,      1,     1.00, "Query.fromType(org.jboss.windup.reporting.model.TechnologyTagModel).gremlin().has(name,EQUALS,ICEfaces (embedded)).as(default)"
     1,      0,     0.00, "Query.fromType(org.jboss.windup.reporting.model.TechnologyTagModel).gremlin().has(name,EQUALS,Trunk JGuard (embedded)).as(default)"
     1,      3,     3.00, "Query.fromType(org.jboss.windup.rules.apps.xml.model.XmlFileModel).gremlin().has(fileName,EQUALS,ibm-web-bnd.xmi).as(default)"
     1,      1,     1.00, "Query.fromType(org.jboss.windup.reporting.model.TechnologyTagModel).gremlin().has(name,EQUALS,Kibana (embedded)).as(default)"
     1,      1,     1.00, "Query.fromType(org.jboss.windup.reporting.model.TechnologyTagModel).gremlin().has(name,EQUALS,Trimou (embedded)).as(default)"
     1,      1,     1.00, "Query.fromType(org.jboss.windup.reporting.model.TechnologyTagModel).gremlin().has(name,EQUALS,Jcabi Log (embedded)).as(default)"
     1,      1,     1.00, "Query.fromType(org.jboss.windup.reporting.model.TechnologyTagModel).gremlin().has(name,EQUALS,Plexus Container (embedded)).as(default)"
     2,      3,     1.50, "Query.fromType(org.jboss.windup.reporting.model.TechnologyTagModel).gremlin().has(name,EQUALS,Liferay (embedded)).as(default)"
     1,      3,     3.00, "Query.fromType(org.jboss.windup.reporting.model.TechnologyTagModel).gremlin().has(name,EQUALS,EclipseLink (embedded)).as(default)"
     9,     15,     1.67, GraphService.findAllByProperty(sha1Hash)
     1,      3,     3.00, "Query.fromType(org.jboss.windup.rules.apps.xml.model.XmlFileModel).gremlin().has(rootTagName,EQUALS,jboss).has(fileName,EQUALS,jboss.xml).as(default)"
     1,      1,     1.00, "Query.fromType(org.jboss.windup.reporting.model.TechnologyTagModel).gremlin().has(name,EQUALS,PostgreSQL Driver).as(default)"
     1,      1,     1.00, "Query.fromType(org.jboss.windup.reporting.model.TechnologyTagModel).gremlin().has(name,EQUALS,Scalate (embedded)).as(default)"
     1,      1,     1.00, "Query.fromType(org.jboss.windup.reporting.model.TechnologyTagModel).gremlin().has(name,EQUALS,OAUTH (embedded)).as(default)"
     1,      0,     0.00, Query.fromType(org.jboss.windup.rules.apps.javaee.model.JsFileModel).as(default)
     1,      1,     1.00, "Query.fromType(org.jboss.windup.reporting.model.TechnologyTagModel).gremlin().has(name,EQUALS,Amazon SQS Client (embedded)).as(default)"
     1,      0,     0.00, Query.fromType(org.jboss.windup.rules.apps.javaee.model.HtmlFileModel).as(default)
     1,      1,     1.00, "Query.fromType(org.jboss.windup.reporting.model.TechnologyTagModel).gremlin().has(name,EQUALS,Weka (embedded)).as(default)"
     1,    156,   156.00, "FreeMarkerIterationOperation.render(/reports/templates/about_windup.ftl, about_Simple_Sample_App.html)"
     1,      1,     1.00, "Query.fromType(org.jboss.windup.reporting.model.TechnologyTagModel).gremlin().has(name,EQUALS,OpenPojo (embedded)).as(default)"
     2,      1,     0.50, Query.fromType(org.jboss.windup.rules.apps.javaee.model.SpringBeanModel).as(default)
     1,      1,     1.00, "Query.fromType(org.jboss.windup.reporting.model.TechnologyTagModel).gremlin().has(name,EQUALS,Atomikos JTA (embedded)).as(default)"
     1,      1,     1.00, "Query.fromType(org.jboss.windup.reporting.model.TechnologyTagModel).gremlin().has(name,EQUALS,JPA Matchers (embedded)).as(default)"
     1,      1,     1.00, "Query.fromType(org.jboss.windup.reporting.model.TechnologyTagModel).gremlin().has(name,EQUALS,TieFaces (embedded)).as(default)"
     1,    117,   117.00, "FreeMarkerIterationOperation.render(/reports/templates/source.ftl, weblogic_application_xml.html)"
     5,    167,    33.40, Query.fromType(org.jboss.windup.graph.model.WindupConfigurationModel).as(default)
     1,      1,     1.00, "Query.fromType(org.jboss.windup.rules.apps.java.model.JarArchiveModel).gremlin().has(fileName,REGEX,.*camel.*\.jar$).as(default)"
     1,      1,     1.00, "Query.fromType(org.jboss.windup.reporting.model.TechnologyTagModel).gremlin().has(name,EQUALS,Apache Struts (embedded)).as(default)"
    15,      3,     0.20, getUniqueByName(qualifiedName)
     1,      1,     1.00, "Query.fromType(org.jboss.windup.reporting.model.TechnologyTagModel).gremlin().has(name,EQUALS,WSDL (embedded)).as(default)"
   118,    173,     1.47, getTechnologyTagsForFile
    89,     52,     0.58, isReportableFile
     1,      2,     2.00, "Query.fromType(org.jboss.windup.reporting.model.TechnologyTagModel).gremlin().has(name,EQUALS,Scribe (embedded)).as(default)"
     1,    145,   145.00, "FreeMarkerIterationOperation.render(/reports/templates/server.ftl, server_resources_Simple_Sample_App.html)"
   299,      7,     0.02, FilePathComparator
     1,      1,     1.00, "Query.gremlin().has(referenceType,CONTAINS_ANY_TOKEN,[METHOD_CALL, CONSTRUCTOR_CALL]).as(a045ac63-63a1-437d-9043-26da26952ea4)"
     2,      2,     1.00, Query.fromType(org.jboss.windup.rules.apps.javaee.model.EjbMessageDrivenModel).as(default)
     1,      1,     1.00, "Query.fromType(org.jboss.windup.reporting.model.TechnologyTagModel).gremlin().has(name,EQUALS,JSilver (embedded)).as(default)"
     1,      1,     1.00, "Query.fromType(org.jboss.windup.reporting.model.TechnologyTagModel).gremlin().has(name,EQUALS,Spring Messaging Client (embedded)).as(default)"
     1,      1,     1.00, "Query.fromType(org.jboss.windup.reporting.model.TechnologyTagModel).gremlin().has(name,EQUALS,Everit JTA (embedded)).as(default)"
     1,     95,    95.00, "Query.fromType(org.jboss.windup.rules.apps.java.model.JavaClassFileModel).gremlin().has(parseError,NOT_DEFINED,null).as(default)"
     1,      2,     2.00, "Query.fromType(org.jboss.windup.reporting.model.TechnologyTagModel).gremlin().has(name,EQUALS,ActiveMQ (embedded)).as(default)"
     1,      1,     1.00, "Query.fromType(org.jboss.windup.reporting.model.TechnologyTagModel).gremlin().has(name,EQUALS,Logging Utils (embedded)).as(default)"
     1,      2,     2.00, "Query.fromType(org.jboss.windup.reporting.model.TechnologyTagModel).gremlin().has(name,EQUALS,Ickenham (embedded)).as(default)"
     1,      1,     1.00, "Query.fromType(org.jboss.windup.reporting.model.TechnologyTagModel).gremlin().has(name,EQUALS,Jukito (embedded)).as(default)"
     1,      0,     0.00, "Query.gremlin().has(referenceType,CONTAINS_ANY_TOKEN,[ANNOTATION]).as(61ab2b21-dbf9-44bf-a5bc-0cdf286baf09)"
     1,      1,     1.00, "Query.fromType(org.jboss.windup.reporting.model.TechnologyTagModel).gremlin().has(name,EQUALS,SAML (embedded)).as(default)"
     1,      2,     2.00, "Query.fromType(org.jboss.windup.reporting.model.TechnologyTagModel).gremlin().has(name,EQUALS,ButterFaces (embedded)).as(default)"
     1,      1,     1.00, "Query.fromType(org.jboss.windup.reporting.model.TechnologyTagModel).gremlin().has(name,EQUALS,Acegi Security (embedded)).as(default)"
     1,      1,     1.00, "Query.fromType(org.jboss.windup.reporting.model.TechnologyTagModel).gremlin().has(name,EQUALS,Memcached client (embedded)).as(default)"
     1,      1,     1.00, "Query.fromType(org.jboss.windup.reporting.model.TechnologyTagModel).gremlin().has(name,EQUALS,Resource Adapter (embedded)).as(default)"
   438,  12248,    27.96, JavaClass.evaluate
     1,      1,     1.00, "Query.fromType(org.jboss.windup.reporting.model.TechnologyTagModel).gremlin().has(name,EQUALS,TensorFlow (embedded)).as(default)"
     1,      1,     1.00, "Query.fromType(org.jboss.windup.reporting.model.TechnologyTagModel).gremlin().has(name,EQUALS,DbUnit (embedded)).as(default)"
     1,      4,     4.00, "Query.fromType(org.jboss.windup.rules.apps.xml.model.XmlFileModel).gremlin().has(rootTagName,EQUALS,weblogic-ejb-jar).as(default)"
     1,      4,     4.00, "Query.fromType(org.jboss.windup.rules.apps.java.model.JarArchiveModel).gremlin().has(fileName,REGEX,.*drools.*\.jar$).as(default)"
     1,      0,     0.00, Query.fromType(org.jboss.windup.rules.apps.javaee.model.JaxWSWebServiceModel).as(default)
     1,   3271,  3271.00, "FreeMarkerIterationOperation.render(/reports/templates/java_application.ftl, ApplicationDetails_Simple_Sample_App.html)"
     1,      2,     2.00, "Query.fromType(org.jboss.windup.rules.apps.java.model.JarArchiveModel).gremlin().has(fileName,REGEX,.*commons-jcs.*\.jar$).as(default)"
     1,      1,     1.00, "Query.fromType(org.jboss.windup.reporting.model.TechnologyTagModel).gremlin().has(name,EQUALS,JBoss Cache (embedded)).as(default)"
     1,      1,     1.00, "Query.fromType(org.jboss.windup.reporting.model.TechnologyTagModel).gremlin().has(name,EQUALS,Nuxeo JTA/JCA (embedded)).as(default)"
     2,      0,     0.00, Query.fromType(org.jboss.windup.rules.apps.javaee.model.JmsConnectionFactoryModel).as(default)
     1,    874,   874.00, "FreeMarkerIterationOperation.render(/reports/templates/source.ftl, AnvilWebLifecycleListener_java.html)"
     1,      0,     0.00, "Query.gremlin().has(referenceType,CONTAINS_ANY_TOKEN,[INHERITANCE]).as(99a372d8-f5ea-4bc6-b9ee-71c7a524040c)"
     1,      1,     1.00, "Query.fromType(org.jboss.windup.reporting.model.TechnologyTagModel).gremlin().has(name,EQUALS,FreeMarker (embedded)).as(default)"
   197,   2396,    12.16, XmlFile.evaluate
     1,      1,     1.00, "Query.fromType(org.jboss.windup.reporting.model.TechnologyTagModel).gremlin().has(name,EQUALS,Apache Accumulo Client).as(default)"
     1,      1,     1.00, "Query.fromType(org.jboss.windup.reporting.model.TechnologyTagModel).gremlin().has(name,EQUALS,JFunk (embedded)).as(default)"
    65,     36,     0.55, GraphService.addTypeToModel
     1,      0,     0.00, "Query.fromType(org.jboss.windup.reporting.model.TechnologyTagModel).gremlin().has(name,EQUALS,Apache Camel (embedded)).as(default)"
     1,      1,     1.00, "Query.fromType(org.jboss.windup.reporting.model.TechnologyTagModel).gremlin().has(name,EQUALS,Airlift Log Manager (embedded)).as(default)"
     1,    149,   149.00, "FreeMarkerIterationOperation.render(/reports/templates/source.ftl, pom_properties.11.html)"
     1,      1,     1.00, "Query.fromType(org.jboss.windup.reporting.model.TechnologyTagModel).gremlin().has(name,EQUALS,HttpUnit (embedded)).as(default)"
     1,      1,     1.00, "Query.fromType(org.jboss.windup.reporting.model.TechnologyTagModel).gremlin().has(name,EQUALS,Concordion (embedded)).as(default)"
     1,    154,   154.00, "FreeMarkerIterationOperation.render(/reports/templates/source.ftl, pom_xml.html)"
     1,      1,     1.00, "Query.fromType(org.jboss.windup.reporting.model.TechnologyTagModel).gremlin().has(name,EQUALS,Spring Batch (embedded)).as(default)"
     1,   7883,  7883.00, AnalyzeJavaFilesRuleProvider.analyzeFile
     1,      1,     1.00, "Query.fromType(org.jboss.windup.reporting.model.TechnologyTagModel).gremlin().has(name,EQUALS,HSQLDB Driver).as(default)"
     1,      1,     1.00, "Query.fromType(org.jboss.windup.reporting.model.TechnologyTagModel).gremlin().has(name,EQUALS,Hdiv (embedded)).as(default)"
     1,      3,     3.00, "Query.fromType(org.jboss.windup.reporting.model.TechnologyTagModel).gremlin().has(name,EQUALS,Water Template Engine (embedded)).as(default)"
     1,      0,     0.00, "Query.fromType(org.jboss.windup.reporting.model.TechnologyTagModel).gremlin().has(name,EQUALS,Thymeleaf (embedded)).as(default)"
     1,      1,     1.00, "Query.fromType(org.jboss.windup.reporting.model.TechnologyTagModel).gremlin().has(name,EQUALS,Airframe (embedded)).as(default)"
     1,    114,   114.00, "FreeMarkerIterationOperation.render(/reports/templates/source.ftl, pom_properties.html)"
     1,      1,     1.00, "Query.fromType(org.jboss.windup.reporting.model.TechnologyTagModel).gremlin().has(name,EQUALS,Ikasan (embedded)).as(default)"
     1,      1,     1.00, "Query.fromType(org.jboss.windup.reporting.model.TechnologyTagModel).gremlin().has(name,EQUALS,Cassandra Client).as(default)"
     1,      0,     0.00, "Query.fromType(org.jboss.windup.reporting.model.TechnologyTagModel).gremlin().has(name,EQUALS,Hazelcast (embedded)).as(default)"
     1,      1,     1.00, "Query.fromType(org.jboss.windup.reporting.model.TechnologyTagModel).gremlin().has(name,EQUALS,Bouncy Castle (embedded)).as(default)"
     1,      2,     2.00, "Query.fromType(org.jboss.windup.reporting.model.TechnologyTagModel).gremlin().has(name,EQUALS,OpenFaces (embedded)).as(default)"
     1,      4,     4.00, "Query.fromType(org.jboss.windup.rules.apps.xml.model.XmlFileModel).gremlin().has(rootTagName,EQUALS,beans).as(default)"
     1,    169,   169.00, "FreeMarkerIterationOperation.render(/reports/templates/source.ftl, MANIFEST_MF.18.html)"
     1,      2,     2.00, "Query.fromType(org.jboss.windup.rules.apps.java.model.JarArchiveModel).gremlin().has(fileName,REGEX,.*oscache.*\.jar$).as(default)"
    90,    220,     2.44, getTagsFromFileClassificationsAndHints
     1,      1,     1.00, "Query.fromType(org.jboss.windup.reporting.model.TechnologyTagModel).gremlin().has(name,EQUALS,Macros (embedded)).as(default)"
     1,      0,     0.00, Query.fromType(org.jboss.windup.rules.apps.javaee.model.ThreadPoolModel).as(default)
     1,   1310,  1310.00, "FreeMarkerIterationOperation.render(/reports/templates/application_list.ftl, ../index.html)"
     1,      1,     1.00, "Query.fromType(org.jboss.windup.reporting.model.TechnologyTagModel).gremlin().has(name,EQUALS,Logging to file system).as(default)"
     1,      1,     1.00, "Query.fromType(org.jboss.windup.reporting.model.TechnologyTagModel).gremlin().has(name,EQUALS,Jasypt (embedded)).as(default)"
    45,      1,     0.02, projectModelToApplicationIndex
    28,    492,    17.57, sortProjectTraversalsByPathAscending
     1,    150,   150.00, "Query.fromType(org.jboss.windup.graph.model.resource.FileModel).gremlin().has(isDirectory,EQUALS,false).has(filePath,REGEX,.*\.properties$).as(default)"
     1,      1,     1.00, "Query.fromType(org.jboss.windup.reporting.model.TechnologyTagModel).gremlin().has(name,EQUALS,HighFaces (embedded)).as(default)"
     1,      2,     2.00, "Query.fromType(org.jboss.windup.rules.apps.java.model.JarArchiveModel).gremlin().has(fileName,REGEX,.*jcache.*\.jar$).as(default)"
     1,      5,     5.00, "Query.fromType(org.jboss.windup.rules.apps.xml.model.XmlFileModel).gremlin().has(rootTagName,EQUALS,jboss-web).as(default)"
     1,      2,     2.00, "Query.fromType(org.jboss.windup.reporting.model.TechnologyTagModel).gremlin().has(name,EQUALS,OW2 Log Util (embedded)).as(default)"
     1,      1,     1.00, "Query.fromType(org.jboss.windup.reporting.model.TechnologyTagModel).gremlin().has(name,EQUALS,HTTP Client (embedded)).as(default)"
    51,      3,     0.06, JavaClassService.resolveByQualifiedName(qualifiedClassName)
     1,     32,    32.00, GraphService.findAllWithoutProperty(skipDecompilation)
     1,      1,     1.00, "Query.fromType(org.jboss.windup.reporting.model.TechnologyTagModel).gremlin().has(name,EQUALS,Apiman (embedded)).as(default)"
     1,    116,   116.00, "FreeMarkerIterationOperation.render(/reports/templates/source.ftl, ItemLookupBean_java.html)"
     1,      1,     1.00, "Query.fromType(org.jboss.windup.reporting.model.TechnologyTagModel).gremlin().has(name,EQUALS,Talend ESB (embedded)).as(default)"
     1,      0,     0.00, "Query.fromType(org.jboss.windup.reporting.model.TechnologyTagModel).gremlin().has(name,EQUALS,Apache Mahout (embedded)).as(default)"
     1,      1,     1.00, "Query.fromType(org.jboss.windup.reporting.model.TechnologyTagModel).gremlin().has(name,EQUALS,Cache API (embedded)).as(default)"
    74,      0,     0.00, iterableToList
     1,      2,     2.00, "Query.fromType(org.jboss.windup.rules.apps.java.model.JarArchiveModel).gremlin().has(fileName,REGEX,.*ignite.*\.jar$).as(default)"
     1,      1,     1.00, "Query.fromType(org.jboss.windup.reporting.model.TechnologyTagModel).gremlin().has(name,EQUALS,Twitter Util Logging (embedded)).as(default)"
     1,      1,     1.00, "Query.fromType(org.jboss.windup.reporting.model.TechnologyTagModel).gremlin().has(name,EQUALS,JCunit (embedded)).as(default)"
     1,      0,     0.00, "Query.fromType(org.jboss.windup.reporting.model.TechnologyTagModel).gremlin().has(name,EQUALS,Java EE JSON-P).as(default)"
     1,      2,     2.00, "Query.fromType(org.jboss.windup.rules.apps.xml.model.XmlFileModel).gremlin().has(fileName,EQUALS,ibm-webservices-ext.xmi).has(rootTagName,EQUALS,WsExtension).as(default)"
     1,      2,     2.00, "Query.gremlin().has(referenceType,CONTAINS_ANY_TOKEN,[INHERITANCE]).as(8d28febc-f86f-4363-a6f7-3202cd4c32ab)"
     1,      1,     1.00, "Query.fromType(org.jboss.windup.reporting.model.TechnologyTagModel).gremlin().has(name,EQUALS,AcrIS Security (embedded)).as(default)"
     1,      1,     1.00, "Query.fromType(org.jboss.windup.reporting.model.TechnologyTagModel).gremlin().has(name,EQUALS,SubCut (embedded)).as(default)"
     1,      1,     1.00, "Query.fromType(org.jboss.windup.reporting.model.TechnologyTagModel).gremlin().has(name,EQUALS,Mockito (embedded)).as(default)"
     1,      0,     0.00, "Query.fromType(org.jboss.windup.rules.apps.javaee.model.JmsDestinationModel).gremlin().has(destinationType,EQUALS,TOPIC).as(default)"
     1,     69,    69.00, "FreeMarkerIterationOperation.render(/reports/templates/source.ftl, pom_xml.9.html)"
     1,      1,     1.00, "Query.fromType(org.jboss.windup.reporting.model.TechnologyTagModel).gremlin().has(name,EQUALS,Apache Synapse (embedded)).as(default)"
     1,      0,     0.00, Query.fromType(org.jboss.windup.rules.apps.javaee.model.JPAEntityModel).as(default)
     1,      1,     1.00, "Query.fromType(org.jboss.windup.reporting.model.TechnologyTagModel).gremlin().has(name,EQUALS,CDI (embedded)).as(default)"
     1,      1,     1.00, "Query.fromType(org.jboss.windup.reporting.model.TechnologyTagModel).gremlin().has(name,EQUALS,Apache Hadoop (embedded)).as(default)"
    13,   1425,   109.62, getEffortDetailsForProjectTraversal
     1,      1,     1.00, "Query.fromType(org.jboss.windup.reporting.model.TechnologyTagModel).gremlin().has(name,EQUALS,Camel Messaging Client (embedded)).as(default)"
   481,      6,     0.01, TypeInterestFactory.matchesAny(text).cacheCheck
     1,      1,     1.00, "Query.fromType(org.jboss.windup.reporting.model.TechnologyTagModel).gremlin().has(name,EQUALS,Apache Commons Logging (embedded)).as(default)"
     1,      0,     0.00, Query.fromType(org.jboss.windup.rules.apps.javaee.model.Jbpm3ProcessModel).as(default)
     1,   6983,  6983.00, AnalyzeJavaFilesRuleProvider.parseFiles
     1,      1,     1.00, "Query.fromType(org.jboss.windup.reporting.model.TechnologyTagModel).gremlin().has(name,EQUALS,Javax Inject (embedded)).as(default)"
     1,      0,     0.00, "Query.fromType(org.jboss.windup.reporting.model.TechnologyTagModel).gremlin().has(name,EQUALS,MultithreadedTC (embedded)).as(default)"
     1,     31,    31.00, Query.fromType(org.jboss.windup.graph.model.ArchiveModel).gremlin()org.jboss.windup.config.query.Query$1@44bf8008.as(default)
     1,     10,    10.00, "Query.fromType(org.jboss.windup.rules.apps.java.model.JarArchiveModel).gremlin().has(fileName,REGEX,.*hazelcast.*\.jar$).as(default)"
     9,      0,     0.00, getProjectTraversal
     1,    264,   264.00, "FreeMarkerIterationOperation.render(/reports/templates/source.ftl, ProductCatalogHome_java.html)"
     1,      1,     1.00, "Query.fromType(org.jboss.windup.reporting.model.TechnologyTagModel).gremlin().has(name,EQUALS,GWT (embedded)).as(default)"
     1,      1,     1.00, "Query.fromType(org.jboss.windup.reporting.model.TechnologyTagModel).gremlin().has(name,EQUALS,Coherence (embedded)).as(default)"
     1,      1,     1.00, "Query.fromType(org.jboss.windup.reporting.model.TechnologyTagModel).gremlin().has(name,EQUALS,Oracle Forms (embedded)).as(default)"
     1,    149,   149.00, "FreeMarkerIterationOperation.render(/reports/templates/source.ftl, LogEventSubscriber_java.html)"
     1,      2,     2.00, "Query.fromType(org.jboss.windup.rules.apps.java.model.JarArchiveModel).gremlin().has(fileName,REGEX,.*jbosscache.*\.jar$).as(default)"
     1,      1,     1.00, "Query.fromType(org.jboss.windup.reporting.model.TechnologyTagModel).gremlin().has(name,EQUALS,Grails (embedded)).as(default)"
     1,      3,     3.00, "Query.fromType(org.jboss.windup.rules.apps.java.model.JarArchiveModel).gremlin().has(fileName,REGEX,.*dynacache.*\.jar$).as(default)"
     1,    154,   154.00, "FreeMarkerIterationOperation.render(/reports/templates/source.ftl, LogEventTopic_jms_xml.html)"
     1,      1,     1.00, "Query.fromType(org.jboss.windup.reporting.model.TechnologyTagModel).gremlin().has(name,EQUALS,NLOG4J (embedded)).as(default)"
     1,      1,     1.00, "Query.fromType(org.jboss.windup.reporting.model.TechnologyTagModel).gremlin().has(name,EQUALS,Stripes (embedded)).as(default)"
     1,      1,     1.00, "Query.fromType(org.jboss.windup.reporting.model.TechnologyTagModel).gremlin().has(name,EQUALS,Play Test (embedded)).as(default)"
     1,      0,     0.00, "Query.gremlin().has(referenceType,CONTAINS_ANY_TOKEN,[FIELD_DECLARATION, VARIABLE_DECLARATION]).as(376189ea-ddfd-4a60-9317-097dde2ad3b1)"
     1,      1,     1.00, "Query.fromType(org.jboss.windup.reporting.model.TechnologyTagModel).gremlin().has(name,EQUALS,Hamcrest (embedded)).as(default)"
     1,      1,     1.00, "Query.fromType(org.jboss.windup.reporting.model.TechnologyTagModel).gremlin().has(name,EQUALS,Pega (embedded)).as(default)"
     1,      1,     1.00, "Query.fromType(org.jboss.windup.reporting.model.TechnologyTagModel).gremlin().has(name,EQUALS,Spring Test (embedded)).as(default)"
     1,     18,    18.00, "Query.fromType(org.jboss.windup.graph.model.resource.FileModel).gremlin().has(isDirectory,EQUALS,false).has(filePath,REGEX,.+\.\b(|zip|rar|sar|ear|war|jar)\b$).as(default)"
     1,      1,     1.00, "Query.fromType(org.jboss.windup.reporting.model.TechnologyTagModel).gremlin().has(name,EQUALS,AngularFaces (embedded)).as(default)"
     1,     81,    81.00, Query.fromType(org.jboss.windup.rules.apps.xml.model.DoctypeMetaModel).gremlin()org.jboss.windup.rules.apps.javaee.rules.DiscoverHibernateMappingRuleProvider$1@2fa0f830.as(default)
     1,      0,     0.00, Query.fromType(org.jboss.windup.graph.model.resource.ReportResourceFileModel).as(default)
     1,      0,     0.00, isFileADirectory
     1,     41,    41.00, "Query.gremlin().has(referenceType,CONTAINS_ANY_TOKEN,[INHERITANCE]).as(fc06974b-5e69-4364-8a70-83a7954c0635)"
     2,      1,     0.50, Query.fromType(org.jboss.windup.rules.apps.javaee.model.WebXmlModel).as(default)
     1,      0,     0.00, "Query.fromType(org.jboss.windup.reporting.model.TechnologyTagModel).gremlin().has(name,EQUALS,ANTLR StringTemplate (embedded)).as(default)"
   120,     79,     0.66, isTagUnderTag
     1,      1,     1.00, "Query.fromType(org.jboss.windup.reporting.model.TechnologyTagModel).gremlin().has(name,EQUALS,Twirl (embedded)).as(default)"
     1,      1,     1.00, "Query.fromType(org.jboss.windup.reporting.model.TechnologyTagModel).gremlin().has(name,EQUALS,Lift JTA (embedded)).as(default)"
     1,      0,     0.00, Query.fromType(org.jboss.windup.rules.apps.javaee.model.EjbEntityBeanModel).as(default)
     1,      0,     0.00, "Query.fromType(org.jboss.windup.reporting.model.TechnologyTagModel).gremlin().has(name,EQUALS,OTR4J (embedded)).as(default)"
     1,    115,   115.00, "FreeMarkerIterationOperation.render(/reports/templates/jboss/jboss-ejb3.ftl, Simple_Sample_App\Simple_JEE_Example_EJB_Services\jboss-ejb3.xml)"
     1,      1,     1.00, "Query.fromType(org.jboss.windup.reporting.model.TechnologyTagModel).gremlin().has(name,EQUALS,Log4s (embedded)).as(default)"
    27,    142,     5.26, "TypeReferenceService.getPackageUseFrequencies(data,projectModel,nameDepth,recursive)"
     1,      1,     1.00, "Query.fromType(org.jboss.windup.reporting.model.TechnologyTagModel).gremlin().has(name,EQUALS,BabbageFaces (embedded)).as(default)"
     1,      0,     0.00, "Query.fromType(org.jboss.windup.reporting.model.TechnologyTagModel).gremlin().has(name,EQUALS,JBPM (embedded)).as(default)"
     1,      1,     1.00, "Query.fromType(org.jboss.windup.reporting.model.TechnologyTagModel).gremlin().has(name,EQUALS,UberFire (embedded)).as(default)"
    10,     19,     1.90, sortFilesByPathAscending
     1,      1,     1.00, "Query.fromType(org.jboss.windup.reporting.model.TechnologyTagModel).gremlin().has(name,EQUALS,Needle (embedded)).as(default)"
     1,      1,     1.00, "Query.fromType(org.jboss.windup.reporting.model.TechnologyTagModel).gremlin().has(name,EQUALS,AKKA JTA (embedded)).as(default)"
     1,      5,     5.00, "Query.fromType(org.jboss.windup.rules.apps.java.model.JarArchiveModel).gremlin().has(fileName,REGEX,.*ehcache.*\.jar$).as(default)"
     1,      2,     2.00, "Query.fromType(org.jboss.windup.reporting.model.TechnologyTagModel).gremlin().has(name,EQUALS,Blaze (embedded)).as(default)"
     1,     40,    40.00, "Query.fromType(org.jboss.windup.reporting.model.ReportModel).gremlin().has(templateType,EQUALS,FREEMARKER).as(default)"
     1,    364,   364.00, "FreeMarkerIterationOperation.render(/reports/templates/source.ftl, MANIFEST_MF.20.html)"
  1289,    272,     0.21, GraphService.create
     1,    189,   189.00, "FreeMarkerIterationOperation.render(/reports/templates/source.ftl, MANIFEST_MF.15.html)"
    15,      4,     0.27, projectModelToSha1
     1,      1,     1.00, "Query.fromType(org.jboss.windup.reporting.model.TechnologyTagModel).gremlin().has(name,EQUALS,Apache Commons JCS (embedded)).as(default)"
